SMILES,ID,MolWt,LogP,HBD,HBA,RotatableBonds,TPSA,Volume,LipinskiViolations,NumAtoms,Exp. dG,Pred. dG
CN1C(=[NH+][C@@](c2cccc(c3cccc(Cl)c3)c2)(C2CCCC2)C1=O)N,CAT-13f,368.89,2.26,2,2,3,60.3,221.78,0,26,-9.09,-10.24
CN1C(=[NH+][C@@](c2cccc(c3cccc(Cl)c3)c2)(C2CC2)C1=O)N,CAT-13d,340.83,1.48,2,2,3,60.3,204.89,0,24,-10.47,-10.5
COc1ccc(c2cccc([C@@]3(c4ccccc4)[NH+]=C(N)N(C)C3=O)c2)cc1,CAT-4c,372.45,1.47,2,3,4,69.53,224.2,0,28,-7.85,-7.52
CC[C@]1(c2cccc(c3cccc(Cl)c3)c2)[NH+]=C(N)N(C)C1=O,CAT-13b,328.82,1.48,2,2,3,60.3,197.66,0,23,-9.12,-8.92
CN1C(=[NH+][C@](c2ccccc2)(c2cccc(c3cnccn3)c2)C1=O)N,CAT-4l,344.4,0.25,2,4,3,86.08,207.32,0,26,-9.34,-7.29
CN1C(=[NH+][C@](c2cncnc2)(c2cccc(c3cccc(Cl)c3)c2)C1=O)N,CAT-13m,378.84,0.91,2,4,3,86.08,227.78,0,27,-8.76,-10.11
CN1C(=[NH+][C@](c2ccccc2)(c2cccc(c3ccncc3)c2)C1=O)N,CAT-4k,343.41,0.86,2,3,3,73.19,206.72,0,26,-7.85,-7.41
CN1C(=[NH+][C@@](c2cccc(c3cccc(Cl)c3)c2)(c2ncccn2)C1=O)N,CAT-13n,378.84,0.91,2,4,3,86.08,227.78,0,27,-8.54,-6.77
CN1C(=[NH+][C@@](c2cccc(c3cccc(Cl)c3)c2)(c2nccs2)C1=O)N,CAT-13o,383.88,1.57,2,4,3,73.19,230.77,0,26,-8.54,-8.34
CN1C(=[NH+][C@](C)(c2cccc(c3cccc(Cl)c3)c2)C1=O)N,CAT-13a,314.8,1.09,2,2,2,60.3,189.22,0,22,-8.84,-8.83
CN1C(=[NH+][C@](c2cccnc2)(c2cccc(c3cccc(Cl)c3)c2)C1=O)N,CAT-13k,377.86,1.51,2,3,3,73.19,227.18,0,27,-9.7,-9.4
CN1C(=[NH+][C@@](c2cccc(c3cc(Cl)cc(Cl)c3)c2)(C2CC2)C1=O)N,CAT-17a,375.28,2.13,2,2,3,60.3,225.35,0,25,-10.73,-11.29
CN1C(=[NH+][C@@](c2cccc(c3cncc(C#N)c3)c2)(C2CC2)C1=O)N,CAT-17f,332.39,0.09,2,4,3,96.98,200.09,0,25,-9.42,-10.45
CN1C(=[NH+][C@](CC2CC2)(c2cccc(c3cccc(Cl)c3)c2)C1=O)N,CAT-13i,354.86,1.87,2,2,4,60.3,213.34,0,25,-9.27,-10.43
CN1C(=[NH+][C@@](c2cccc(c3cccnc3)c2)(C2CC2)C1=O)N,CAT-17d,307.38,0.22,2,3,3,73.19,185.03,0,23,-9.42,-7.93
CC(C)[C@]1(c2cccc(c3cccc(Cl)c3)c2)[NH+]=C(N)N(C)C1=O,CAT-13c,342.85,1.73,2,2,3,60.3,206.11,0,24,-9.32,-9.32
CN1C(=[NH+][C@@](c2cccc(c3cccc(C#N)c3)c2)(C2CC2)C1=O)N,CAT-17c,331.4,0.7,2,3,3,84.09,199.49,0,25,-9.86,-10.9
CC#Cc1cncc(c2cccc([C@@]3(C4CC4)[NH+]=C(N)N(C)C3=O)c2)c1,CAT-24,345.43,0.59,2,3,3,73.19,207.93,0,26,-11.35,-12.35
Cc1cncc(c2cccc([C@@]3(C4CC4)[NH+]=C(N)N(C)C3=O)c2)c1,CAT-17i,321.4,0.53,2,3,3,73.19,193.48,0,24,-9.47,-9.35
CN1C(=[NH+][C@@](c2cccc(c3cccc(Cl)c3)c2)(C2CCCCC2)C1=O)N,CAT-13g,382.92,2.65,2,2,3,60.3,230.22,0,27,-9.09,-10.07
CN1C(=[NH+][C@](c2ccccc2)(c2cccc(c3cccnc3)c2)C1=O)N,CAT-4j,343.41,0.86,2,3,3,73.19,206.72,0,26,-9.02,-7.94
COc1cccc(c2cccc([C@@]3(C4CC4)[NH+]=C(N)N(C)C3=O)c2)c1,CAT-17b,336.42,0.83,2,3,4,69.53,202.51,0,25,-10.02,-10.91
CN1C(=[NH+][C@](c2ccccc2)(c2cccc(c3cncc(Cl)c3)c2)C1=O)N,CAT-4p,377.86,1.51,2,3,3,73.19,227.18,0,27,-10.08,-9.79
CN1C(=[NH+][C@@](c2cccc(c3cncc(Cl)c3)c2)(C2CC2)C1=O)N,CAT-17h,341.82,0.87,2,3,3,73.19,205.49,0,24,-10.33,-10.38
COc1cccc(c2cccc([C@@]3(c4ccccc4)[NH+]=C(N)N(C)C3=O)c2)c1,CAT-4b,372.45,1.47,2,3,4,69.53,224.2,0,28,-9.63,-10.22
CN1C(=[NH+][C@@](c2cccc(c3cncc(F)c3)c2)(C2CC2)C1=O)N,CAT-17g,325.37,0.36,2,3,3,73.19,195.87,0,24,-9.74,-9.09
CCOc1cccc(c2cccc([C@@]3(c4ccccc4)[NH+]=C(N)N(C)C3=O)c2)c1,CAT-4d,386.48,1.86,2,3,5,69.53,232.64,0,29,-9.11,-10.16
Cc1cncc(c2cccc([C@@]3(c4ccccc4)[NH+]=C(N)N(C)C3=O)c2)c1,CAT-4m,357.44,1.17,2,3,3,73.19,215.16,0,27,-9.15,-8.5
CN1C(=[NH+][C@@](c2cccc(c3cccc(Cl)c3)c2)(C2CCC2)C1=O)N,CAT-13e,354.86,1.87,2,2,3,60.3,213.34,0,25,-9.96,-10.49
CN1C(=[NH+][C@](c2ccccc2)(c2cccc(c3cncc(C#N)c3)c2)C1=O)N,CAT-4n,368.42,0.73,2,4,3,96.98,221.78,0,28,-9.09,-9.28
CN1C(=[NH+][C@](c2ccccc2)(c2cccc(c3cncc(F)c3)c2)C1=O)N,CAT-4o,361.4,1.0,2,3,3,73.19,217.56,0,27,-9.38,-8.67
CN1C(=[NH+][C@](c2ccccc2)(c2cccc(c3ccccc3)c2)C1=O)N,CAT-4a,342.42,1.46,2,2,3,60.3,206.12,0,26,-7.93,-7.96
CN1C(=[NH+][C@@](c2cccc(c3cccc(Cl)c3)c2)(c2ccccn2)C1=O)N,CAT-13j,377.86,1.51,2,3,3,73.19,227.18,0,27,-8.73,-8.74
CN1C(=[NH+][C@@](c2cccc(c3cccc(Cl)c3)c2)(C2(C)CC2)C1=O)N,CAT-13h,354.86,1.87,2,2,3,60.3,213.34,0,25,-9.63,-9.26
CN1C(=[NH+][C@](c2ccccc2)(c2cccc(c3ccccn3)c2)C1=O)N,CAT-4i,343.41,0.86,2,3,3,73.19,206.72,0,26,-8.26,-7.02
COc1cncc(c2cccc([C@@]3(C4CC4)[NH+]=C(N)N(C)C3=O)c2)c1,CAT-17e,337.4,0.23,2,4,4,82.42,203.11,0,25,-10.02,-10.47
O=C([O-])COc1c(Br)c(c2cccc(NC(=O)c3ccccc3)c2)sc1C(=O)[O-],23469,474.29,1.92,1,7,7,118.59,284.91,0,29,-7.72,-7.22
O=C([O-])COc1c(Br)c(c2cccc(NS(=O)(=O)c3ccc(F)cc3)c2)sc1C(=O)[O-],23472,528.33,1.61,1,8,8,135.66,317.42,1,31,-8.65,-8.61
O=C([O-])COc1c(Br)c(c2cccc(NCC3CCCCC3)c2)sc1C(=O)[O-],23474,466.35,2.66,1,7,8,101.52,280.14,0,28,-9.11,-9.06
COC(=O)N1CCC(Nc2cccc(c3sc(C(=O)[O-])c(OCC(=O)[O-])c3Br)c2)CC1,23480,511.35,1.31,1,9,7,131.06,307.24,1,31,-8.72,-9.4
CC(C)NC(=O)Nc1cccc(c2sc(C(=O)[O-])c(OCC(=O)[O-])c2Br)c1,23470,455.29,1.2,2,7,7,130.62,273.48,0,27,-7.72,-8.06
O=C([O-])COc1c(Cl)c(c2cccc(NC3CCN(S(=O)(=O)Cc4ccccc4)CC3)c2)sc1C(=O)[O-],23486,563.05,1.97,1,9,10,138.9,338.59,1,37,-12.47,-10.99
O=C([O-])COc1c(Br)c(c2cccc(NCc3ccccc3)c2)sc1C(=O)[O-],20669(2qbr),460.31,2.28,1,7,8,101.52,276.49,0,28,-8.61,-8.43
CS(=O)(=O)N1CCC(Nc2cccc(c3sc(C(=O)[O-])c(OCC(=O)[O-])c3Br)c2)CC1,23482,531.41,0.51,1,9,8,138.9,319.27,1,31,-10.01,-9.8
O=C([O-])COc1c(Br)c(c2cccc(NC3CCN(S(=O)(=O)c4ccccc4)CC3)c2)sc1C(=O)[O-],23483,593.48,1.93,1,9,9,138.9,356.63,1,36,-9.87,-10.83
O=C([O-])COc1c(Br)c(c2cccc(OCc3ccccc3)c2)sc1C(=O)[O-],23473,461.29,2.25,0,7,8,98.72,277.09,0,28,-8.39,-8.11
O=C([O-])COc1c(Br)c(c2cccc(NC3CCCCC3)c2)sc1C(=O)[O-],20670(2qbs),452.33,2.41,1,7,7,101.52,271.69,0,27,-9.08,-9.95
CCC(=O)Nc1cccc(c2sc(C(=O)[O-])c(OCC(=O)[O-])c2Br)c1,23468,426.24,1.02,1,7,7,118.59,256.0,0,25,-7.75,-7.11
O=C([O-])COc1c(Br)c(c2cccc(NC3CCCC3)c2)sc1C(=O)[O-],23475,438.3,2.02,1,7,7,101.52,263.25,0,26,-8.72,-8.98
O=C([O-])COc1c(Br)c(c2cccc(NC3CCN(S(=O)(=O)Cc4ccccc4)CC3)c2)sc1C(=O)[O-],20667(2qbp),607.5,2.08,1,9,10,138.9,365.07,1,37,-11.42,-10.62
O=C([O-])COc1c(Br)c(c2cccc(NC3CCOCC3)c2)sc1C(=O)[O-],23477,454.3,1.26,1,8,7,110.75,272.89,0,27,-8.85,-9.09
COC(=O)Nc1cccc(c2sc(C(=O)[O-])c(OCC(=O)[O-])c2Br)c1,23471,428.22,0.85,1,8,6,127.82,257.19,0,25,-7.75,-7.99
Cc1c(OCC(=O)[O-])c(C(=O)[O-])sc1c1cccc(NC2CCN(S(=O)(=O)Cc3ccccc3)CC2)c1,23485,542.64,1.62,1,9,10,138.9,326.58,1,37,-11.01,-9.73
COc1cccc(c2sc(C(=O)[O-])c(OCC(=O)[O-])c2Br)c1,23467,385.19,0.68,0,7,6,98.72,231.28,0,22,-7.34,-6.67
Nc1cccc(c2sc(C(=O)[O-])c(OCC(=O)[O-])c2Br)c1,23466,370.18,0.25,1,7,5,115.51,222.25,0,21,-7.85,-7.06
O=C([O-])COc1c(Br)c(c2cccc(NC3CCCCCC3)c2)sc1C(=O)[O-],23476,466.35,2.8,1,7,7,101.52,280.14,0,28,-9.41,-9.32
O=C([O-])COc1cc(c2cccc(NC3CCN(S(=O)(=O)Cc4ccccc4)CC3)c2)sc1C(=O)[O-],23484,528.61,1.31,1,9,10,138.9,318.13,1,36,-7.75,-10.02
CC(=O)N1CCC(Nc2cccc(c3sc(C(=O)[O-])c(OCC(=O)[O-])c3Br)c2)CC1,23479,495.35,1.09,1,8,7,121.83,297.6,0,30,-9.14,-9.36
s1c(c(c(c1c1cc(ccc1)NC1CC(CC(C1)(C)C)(C)C)Br)OCC(=O)[O-])C(=O)[O-],23330(2qbq),508.43,3.69,1,7,7,101.52,305.47,1,31,-10.13,-10.97
c1cc(c(c(c1)Cl)C(=O)Nc1ccnc(c1)NC(=O)C)Cl,ejm_31,324.17,3.6,2,3,3,71.09,194.59,0,21,-9.54,-9.82
c1cc(c(c(c1)Cl)C(=O)Nc1ccnc(c1)NC(=O)[C@H]1C[C@H]1C#N)Cl,jmc_30,375.22,3.74,2,4,4,94.88,225.32,0,25,-10.94,-10.78
c1cc(c(c(c1)Cl)C(=O)Nc1ccnc(c1)NC(=O)CO)Cl,ejm_50,340.17,2.57,3,4,4,91.32,204.23,0,22,-8.98,-9.52
c1cc(c(c(c1)Cl)C(=O)Nc1ccnc(c1)NC(=O)C1CC1)Cl,ejm_46,350.21,3.99,2,3,4,71.09,210.26,0,23,-11.31,-10.63
c1cc(c(c(c1)Cl)C(=O)Nc1ccnc(c1)NC(=O)OC)Cl,ejm_55,340.17,3.82,2,4,3,80.32,204.23,0,22,-9.21,-10.61
c1cc(c(c(c1)Cl)C(=O)Nc1ccnc(c1)NC(=O)C(C)C)Cl,ejm_43,352.22,4.24,2,3,4,71.09,211.48,0,23,-8.26,-8.18
c1cc(c(c(c1)Cl)C(=O)Nc1ccnc(c1)NC(=O)[C@H]1C[C@H]1C)Cl,jmc_28,364.23,4.24,2,3,4,71.09,218.71,0,24,-10.98,-10.3
c1cc(c(c(c1)Cl)C(=O)Nc1ccnc(c1)NC(=O)c1ccccc1)Cl,ejm_49,386.24,4.89,2,3,4,71.09,231.95,0,26,-7.75,-8.81
c1cc(c(c(c1)Cl)C(=O)Nc1ccnc(c1)NC(=O)CC1CC1)Cl,ejm_45,364.23,4.38,2,3,5,71.09,218.71,0,24,-9.56,-9.62
c1cc(c(c(c1)Cl)C(=O)Nc1ccnc(c1)NC(=O)C(C)(C)C)Cl,ejm_44,366.25,4.63,2,3,3,71.09,219.92,0,24,-7.42,-7.01
c1cc(c(c(c1)Cl)C(=O)Nc1ccnc(c1)NC(=O)[C@H]1C[C@H]1Cl)Cl,jmc_27,384.65,4.21,2,3,4,71.09,230.72,0,24,-11.28,-11.0
c1cc(c(c(c1)Cl)C(=O)Nc1ccnc(c1)NC(=O)C1CCCC1)Cl,ejm_48,378.26,4.77,2,3,4,71.09,227.15,0,25,-9.0,-8.64
c1cc(c(c(c1)Cl)C(=O)Nc1ccnc(c1)NC(=O)C1CCC1)Cl,ejm_47,364.23,4.38,2,3,4,71.09,218.71,0,24,-9.7,-9.25
c1cc(c(c(c1)Cl)C(=O)Nc1ccnc(c1)NC(=O)[C@H]1C[C@H]1F)Cl,jmc_23,368.2,3.94,2,3,4,71.09,221.1,0,24,-11.7,-11.29
c1cc(c(c(c1)Cl)C(=O)Nc1ccnc(c1)NC(=O)CC)Cl,ejm_42,338.19,3.99,2,3,4,71.09,203.04,0,22,-9.78,-9.7
c1cc(c(c(c1)Cl)C(=O)Nc1ccnc(c1)NC(=O)NCC)Cl,ejm_54,353.21,3.78,3,3,4,83.12,212.08,0,23,-10.53,-10.74
N1([C@H](C(=O)NCc2cccc(c2)Cl)CCC1)C(=O)[C@H]([NH3+])Cc1ccccc1,1b,386.9,1.8,2,2,6,77.05,232.63,0,27,-8.46,-8.37
N1([C@H](C(=O)NCc2cccc(c2)I)CCC1)C(=O)[C@H]([NH3+])Cc1ccccc1,1d,478.35,1.75,2,2,6,77.05,288.01,0,27,-8.25,-9.52
N1([C@H](C(=O)NCc2cc(ccc2)CC)CCC1)C(=O)[C@H]([NH3+])Cc1ccccc1,3b,380.51,1.71,2,2,7,77.05,229.06,0,28,-7.86,-7.42
N1([C@H](C(=O)NCc2cccc(c2)F)CCC1)C(=O)[C@H]([NH3+])Cc1ccccc1,1a,370.45,1.29,2,2,6,77.05,223.01,0,27,-7.48,-7.37
N1([C@H](C(=O)NCc2c(ccc(c2)Cl)Cl)CCC1)C(=O)[C@H]([NH3+])Cc1ccccc1,6a,421.35,2.45,2,2,6,77.05,253.09,0,28,-9.18,-8.62
N1([C@H](C(=O)NCc2c(ccc(c2)C)C)CCC1)C(=O)[C@H]([NH3+])Cc1ccccc1,7a,380.51,1.76,2,2,6,77.05,229.06,0,28,-8.22,-8.59
N1([C@H](C(=O)NCc2cccc(c2)C)CCC1)C(=O)[C@H]([NH3+])Cc1ccccc1,3a,366.49,1.46,2,2,6,77.05,220.61,0,27,-8.32,-8.35
N1([C@H](C(=O)NCc2ccccc2)CCC1)C(=O)[C@H]([NH3+])Cc1ccccc1,5,352.46,1.15,2,2,6,77.05,212.17,0,26,-7.58,-6.9
N1([C@H](C(=O)NCc2c(ccc(c2)Cl)C)CCC1)C(=O)[C@H]([NH3+])Cc1ccccc1,6b,400.93,2.11,2,2,6,77.05,241.07,0,28,-8.89,-9.0
N1([C@H](C(=O)NCc2c(ccc(c2)Cl)F)CCC1)C(=O)[C@H]([NH3+])Cc1ccccc1,6e,404.89,1.94,2,2,6,77.05,243.47,0,28,-8.91,-8.47
N1([C@H](C(=O)NCc2cccc(c2)Br)CCC1)C(=O)[C@H]([NH3+])Cc1ccccc1,1c,431.35,1.91,2,2,6,77.05,259.1,0,27,-8.56,-9.05
c1(nc(OCC2CCCCC2)c2nc[nH]c2n1)Nc1ccc(cc1)S(=O)(=O)C,30,401.49,3.46,2,7,6,109.86,241.66,0,28,-9.81,-8.81
c1(nc(OCC2CCCCC2)c2nc[nH]c2n1)Nc1ccc(cc1)S(=O)(=O)C,30,401.49,3.46,2,7,6,109.86,241.66,0,28,-7.85,-5.88
c1(nc(OCC2CCCCC2)c2nc[nH]c2n1)Nc1ccc(cc1)S(=O)(=O)NC,28,416.51,2.96,3,7,7,121.89,250.7,0,29,-11.11,-10.29
c1(nc(OCC2CCCCC2)c2nc[nH]c2n1)Nc1ccc(cc1)S(=O)(=O)NC,28,416.51,2.96,3,7,7,121.89,250.7,0,29,-6.62,-5.94
c1(nc(OCC2CCCCC2)c2nc[nH]c2n1)Nc1ccc(cc1)C(=O)N,1oiy,366.43,3.15,3,6,6,118.81,220.59,0,27,-9.79,-8.75
c1(nc(OCC2CCCCC2)c2nc[nH]c2n1)Nc1ccc(cc1)O,1oi9,339.4,3.76,3,6,5,95.95,204.32,0,25,-9.74,-8.65
c1(nc(OCC2CCCCC2)c2nc[nH]c2n1)Nc1cc(c(cc1)S(=O)(=O)N)OC,32,432.51,2.71,3,8,7,145.11,260.34,0,30,-9.75,-9.45
c1(nc(OCC2CCCCC2)c2nc[nH]c2n1)Nc1cc(c(cc1)S(=O)(=O)N)OC,32,432.51,2.71,3,8,7,145.11,260.34,0,30,-6.58,-6.09
c1(nc(OCC2CCCCC2)c2nc[nH]c2n1)Nc1cccc(c1)S(=O)(=O)N,1oiu,402.48,2.7,3,7,6,135.88,242.26,0,28,-9.08,-10.8
c1(nc(OCC2CCCCC2)c2nc[nH]c2n1)Nc1ccc(cc1)S(=O)(=O)N(C)C,29,430.53,3.31,2,7,7,113.1,259.14,0,30,-9.88,-9.11
c1(nc(OCC2CCCCC2)c2nc[nH]c2n1)Nc1ccc(cc1)S(=O)(=O)N(C)C,29,430.53,3.31,2,7,7,113.1,259.14,0,30,-6.94,-6.29
c1(nc(OCC2CCCCC2)c2nc[nH]c2n1)Nc1cc(ccc1)Cl,1h1r,357.85,4.71,2,5,5,75.72,215.14,0,25,-7.67,-8.84
c1(nc(OCC2CCCCC2)c2nc[nH]c2n1)Nc1cc(ccc1)OC,21,353.43,4.06,2,6,6,84.95,212.76,0,26,-7.83,-8.46
c1(nc(OCC2CCCCC2)c2nc[nH]c2n1)Nc1ccc(cc1)OC,26,353.43,4.06,2,6,6,84.95,212.76,0,26,-8.43,-8.79
c1(nc(OCC2CCCCC2)c2nc[nH]c2n1)Nc1ccc(cc1)OC,26,353.43,4.06,2,6,6,84.95,212.76,0,26,-8.24,-8.31
c1(nc(OCC2CCCCC2)c2nc[nH]c2n1)Nc1ccc(cc1)S(=O)(=O)N,1h1s,402.48,2.7,3,7,6,135.88,242.26,0,28,-11.25,-9.77
c1(nc(OCC2CCCCC2)c2nc[nH]c2n1)Nc1ccc(cc1)[S@@](=O)C,31,385.49,3.79,2,6,6,92.79,232.02,0,27,-9.54,-9.01
c1(nc(OCC2CCCCC2)c2nc[nH]c2n1)Nc1ccc(cc1)[S@@](=O)C,31,385.49,3.79,2,6,6,92.79,232.02,0,27,-7.92,-6.79
c1(nc(OCC2CCCCC2)c2nc[nH]c2n1)Nc1cccc(c1)CO,20,353.43,3.55,3,6,6,95.95,212.76,0,26,-8.72,-8.69
c1(nc(OCC2CCCCC2)c2nc[nH]c2n1)Nc1cc(ccc1)SC,22,369.49,4.78,2,6,6,75.72,222.39,0,26,-7.86,-8.98
c1(nc(OCC2CCCCC2)c2nc[nH]c2n1)Nc1cc(ccc1)Br,17,402.3,4.82,2,5,5,75.72,241.62,0,25,-7.04,-9.06
c1(nc(OCC2CCCCC2)c2nc[nH]c2n1)Nc1ccccc1,1h1q,323.4,4.06,2,5,5,75.72,194.68,0,24,-8.18,-8.15
CCOc1nc(cc(N)c1C#N)NC(=O)Cc1cc(C)ccc1,18629-1,310.36,2.42,2,5,5,101.03,186.83,0,23,-8.67,-7.5
CCOc1nc(cc(N)c1C#N)NC(=O)Cc1c(OC)ccc(c1)OC,18634-1,356.38,2.13,2,7,7,119.49,214.55,0,26,-9.99,-10.77
CCOc1nc(cc(N)c1C#N)NC(=O)Cc1c(C)cccc1,18628-1,310.36,2.42,2,5,5,101.03,186.83,0,23,-8.7,-7.37
CS(=O)(=O)CCOc1nc(cc(N)c1C#N)NC(=O)Cc1c(OC)ccc(c1)OC,18660-1,434.47,1.16,2,9,9,153.63,261.52,0,30,-8.7,-10.75
CCOc1nc(cc(N)c1C#N)NC(=O)Cc1ccccc1,18624-1,296.33,2.12,2,5,5,101.03,178.39,0,22,-8.49,-7.45
CCOc1nc(cc(N)c1C#N)NC(=O)Cc1ccc(cc1)OC,18633-1,326.36,2.12,2,6,6,110.26,196.47,0,24,-9.17,-8.23
CCOc1nc(cc(N)c1C#N)NC(=O)Cc1c(C)ccc(C)c1,18635-1,324.38,2.73,2,5,5,101.03,195.28,0,24,-7.29,-7.45
CCOc1nc(cc(N)c1C#N)NC(=O)Cc1c(OC)cc(Br)c(c1)OC,17124-1,435.28,2.9,2,7,7,119.49,261.48,0,27,-9.68,-11.42
CCOc1nc(cc(N)c1C#N)NC(=O)Cc1c(Cl)cccc1,18625-1,330.77,2.77,2,5,5,101.03,198.85,0,23,-8.11,-6.53
COCCOc1nc(cc(N)c1C#N)NC(=O)Cc1c(OC)ccc(c1)OC,18659-1,386.41,1.76,2,8,9,128.72,232.63,0,28,-9.47,-10.48
CCOc1nc(cc(N)c1C#N)NC(=O)Cc1c(OC)cc(c(c1)OC)NC(=O)C,18637-1,413.43,2.09,3,8,8,148.59,248.9,0,30,-10.14,-11.49
CCOc1nc(cc(N)c1C#N)NC(=O)Cc1c(OC)cc(S(=O)(=O)C)c(c1)OC,18638-1,434.47,1.54,2,9,8,153.63,261.52,0,30,-10.09,-10.98
CC(C)Oc1nc(cc(N)c1C#N)NC(=O)Cc1c(OC)cc(S(=O)(=O)C)c(c1)OC,18652-1,448.5,1.92,2,9,8,153.63,269.96,0,31,-10.68,-11.65
CCOc1nc(cc(N)c1C#N)NC(=O)Cc1ccc(Cl)cc1,18627-1,330.77,2.77,2,5,5,101.03,198.85,0,23,-8.48,-7.91
OCCOc1nc(cc(N)c1C#N)NC(=O)Cc1c(OC)ccc(c1)OC,18658-1,372.38,1.1,3,8,8,139.72,224.18,0,27,-9.7,-10.11
CCOc1nc(cc(N)c1C#N)NC(=O)Cc1ccc(C)cc1,18630-1,310.36,2.42,2,5,5,101.03,186.83,0,23,-9.14,-7.64
CCOc1nc(cc(N)c1C#N)NC(=O)Cc1c(OC)cc([N+](=O)[O-])c(c1)OC,18639-1,401.38,2.04,2,9,8,162.63,241.65,0,29,-9.74,-10.82
CCOc1nc(cc(N)c1C#N)NC(=O)Cc1c(OC)cccc1,18631-1,326.36,2.12,2,6,6,110.26,196.47,0,24,-9.41,-10.02
CCOc1nc(cc(N)c1C#N)NC(=O)Cc1cc(OC)ccc1,18632-1,326.36,2.12,2,6,6,110.26,196.47,0,24,-9.08,-7.99
CCOc1nc(cc(N)c1C#N)NC(=O)Cc1c(Br)ccc(Br)c1,18636-1,454.12,3.64,2,5,5,101.03,272.26,0,24,-7.51,-6.31
CCOc1nc(cc(N)c1C#N)NC(=O)Cc1cc(Cl)ccc1,18626-1,330.77,2.77,2,5,5,101.03,198.85,0,23,-8.87,-8.18
O=C([O-])c1c(c2c(cccc2)o1)CCCOc1cccc2c1cccc2,26,345.37,3.96,0,4,6,62.5,207.9,0,26,-8.43,-8.79
O=C([O-])c1c(c2c(cccc2)o1)CCCOc1cccc2c1cccc2,26,345.37,3.96,0,4,6,62.5,207.9,0,26,-8.24,-8.31
O=C([O-])c1c(c2c(cccc2)[nH]1)CCCOc1cccc2[nH]ccc12,48,333.37,3.02,2,3,6,80.94,200.68,0,25,-6.66,-3.88
O=C([O-])c1c(c2c(cccc2)[nH]1)CCCOc1ccc(cc1)Cl,33,328.77,3.2,1,3,6,65.15,197.64,0,23,-6.88,-6.82
O=C([O-])c1c(c2c(cccc2)[nH]1)CCCOc1ccc2c(c1)CCC2,46,334.4,3.03,1,3,6,65.15,201.29,0,25,-7.6,-6.72
O=C([O-])c1c(c2c(cccc2)[nH]1)CCCOc1cc(c(cc1)Cl)C,35,342.8,3.5,1,3,6,65.15,206.08,0,24,-8.81,-7.36
O=C([O-])c1c(c2c(cccc2)[nH]1)CCCOc1cc(ccc1)C(F)(F)F,31,362.33,3.56,1,3,6,65.15,218.13,0,26,-9.54,-9.01
O=C([O-])c1c(c2c(cccc2)[nH]1)CCCOc1cc(ccc1)C(F)(F)F,31,362.33,3.56,1,3,6,65.15,218.13,0,26,-7.92,-6.79
O=C([O-])c1c(c2c(cc(cc2)Cl)[nH]1)CCCOc1cc(C)c(Cl)cc1,52,377.25,4.16,1,3,6,65.15,226.54,0,25,-9.23,-9.53
O=C([O-])c1c(c2c(ccc(c2)Cl)o1)CCCOc1cccc2c1cccc2,68,379.82,4.61,0,4,6,62.5,228.36,0,27,-7.69,-6.16
O=C([O-])c1c(c2c(cccc2)[nH]1)CCCOc1ccc(cc1)C,32,308.36,2.85,1,3,6,65.15,185.62,0,23,-9.75,-9.45
O=C([O-])c1c(c2c(cccc2)[nH]1)CCCOc1ccc(cc1)C,32,308.36,2.85,1,3,6,65.15,185.62,0,23,-6.58,-6.09
O=C([O-])c1c(c2c(cccc2)[nH]1)CCCOc1cc(ccc1)c1ccccc1,38,370.43,4.21,1,3,7,65.15,222.98,0,28,-7.02,-7.61
O=C([O-])c1c(c2c(cccc2Cl)[nH]1)CCCOc1cccc2c1cccc2,51,378.84,4.35,1,3,6,65.15,227.77,0,27,-8.45,-7.35
O=C([O-])c1c(c2c(cccc2Cl)[nH]1)CCCOc1cc(C)c(Cl)c(C)c1,50,391.27,4.47,1,3,6,65.15,234.98,0,26,-9.33,-8.81
O=C([O-])c1c(c2c(cccc2)[nH]1)CCCOc1c(cccc1)C,28,308.36,2.85,1,3,6,65.15,185.62,0,23,-11.11,-10.29
O=C([O-])c1c(c2c(cccc2)[nH]1)CCCOc1c(cccc1)C,28,308.36,2.85,1,3,6,65.15,185.62,0,23,-6.62,-5.94
O=C([O-])c1sc2c(cccc2c1CCCOc1cccc2c1cccc2)Cl,66,395.89,5.08,0,4,6,49.36,237.98,1,27,-8.43,-8.97
O=C([O-])c1c(c2c(cccc2)[nH]1)CCCOc1ccc(cc1)c1ccccc1,39,370.43,4.21,1,3,7,65.15,222.98,0,28,-7.03,-7.36
O=C([O-])c1c(c2c(cccc2)[nH]1)CCCOc1cc(C)c(Cl)c(C)c1,37,356.83,3.81,1,3,6,65.15,214.52,0,25,-8.95,-9.22
O=C([O-])c1c(c2c(cccc2)[nH]1)CCCOc1cc(ccc1)C,30,308.36,2.85,1,3,6,65.15,185.62,0,23,-9.81,-8.81
O=C([O-])c1c(c2c(cccc2)[nH]1)CCCOc1cc(ccc1)C,30,308.36,2.85,1,3,6,65.15,185.62,0,23,-7.85,-5.88
O=C([O-])c1c(c2c(cc(cc2)Cl)[nH]1)CCCOc1cccc2c1cccc2,54,378.84,4.35,1,3,6,65.15,227.77,0,27,-9.78,-9.94
O=C([O-])c1c(c2c(cccc2)[nH]1)CCCOc1ccc(c2c1cccc2)Cl,44,378.84,4.35,1,3,6,65.15,227.77,0,27,-8.67,-9.37
O=C([O-])c1sc2ccccc2c1CCCOc1cccc2c1cccc2,23,361.44,4.43,0,4,6,49.36,217.52,0,26,-8.83,-8.11
O=C([O-])c1c(c2c(cccc2)[nH]1)CCCOc1c(cccc1)C(F)(F)F,29,362.33,3.56,1,3,6,65.15,218.13,0,26,-9.88,-9.11
O=C([O-])c1c(c2c(cccc2)[nH]1)CCCOc1c(cccc1)C(F)(F)F,29,362.33,3.56,1,3,6,65.15,218.13,0,26,-6.94,-6.29
O=C([O-])c1c(c2c(cccc2)[nH]1)CCCOc1cc(ccc1)Oc1ccccc1,40,386.43,4.34,1,4,8,74.38,232.61,0,29,-7.25,-8.21
O=C([O-])c1sc2cccc(c2c1CCCOc1cccc2c1cccc2)Cl,62,395.89,5.08,0,4,6,49.36,237.98,1,27,-7.96,-7.26
O=C([O-])c1sc2cccc(c2c1CCCOc1cc(C)c(Cl)c(C)c1)Cl,61,408.33,5.2,0,4,6,49.36,245.2,1,26,-8.08,-9.23
O=C([O-])c1c(c2c(cccc2Cl)[nH]1)CCCOc1cc(C)c(Cl)cc1,49,377.25,4.16,1,3,6,65.15,226.54,0,25,-8.36,-8.1
O=C([O-])c1sc2cc(ccc2c1CCCOc1cccc2c1cccc2)Cl,64,395.89,5.08,0,4,6,49.36,237.98,1,27,-9.5,-8.89
O=C([O-])c1c(c2c(cccc2)[nH]1)CCCOc1ccc(cc1)Oc1ccccc1,41,386.43,4.34,1,4,8,74.38,232.61,0,29,-7.13,-8.01
O=C([O-])c1sc2c(cccc2c1CCCOc1cc(C)c(Cl)c(C)c1)Cl,65,408.33,5.2,0,4,6,49.36,245.2,1,26,-8.41,-10.24
O=C([O-])c1c(c2c(cc(cc2)Cl)n1C)CCCOc1cc(C)c(Cl)c(C)c1,58,405.3,4.48,0,4,6,54.29,243.42,0,27,-9.41,-11.63
O=C([O-])c1sc2cc(ccc2c1CCCOc1cc(C)c(Cl)c(C)c1)Cl,63,408.33,5.2,0,4,6,49.36,245.2,1,26,-9.06,-10.29
O=C([O-])c1c(c2c(cccc2)[nH]1)CCCOc1ccccc1,27,294.33,2.54,1,3,6,65.15,177.18,0,22,-6.12,-5.81
O=C([O-])c1c(c2c(cccc2)[nH]1)CCCOc1ccc2c(c1)cccn2,47,345.38,3.09,1,4,6,78.04,207.91,0,26,-5.78,-6.16
O=C([O-])c1c(c2c(cccc2)n1C)CCCOc1cccc2c1cccc2,57,358.42,3.71,0,4,6,54.29,215.75,0,27,-9.04,-8.9
O=C([O-])c1c(c2c(cccc2)n1C)CCCOc1cc(C)c(Cl)c(C)c1,56,370.86,3.82,0,4,6,54.29,222.96,0,26,-9.26,-10.41
O=C([O-])c1c(c2c(cc(cc2)Cl)[nH]1)CCCOc1cc(C)c(Cl)c(C)c1,53,391.27,4.47,1,3,6,65.15,234.98,0,26,-9.96,-11.24
O=C([O-])c1c(c2c(cccc2)[nH]1)CCCOc1cc(c(cc1)Cl)CC,36,356.83,3.76,1,3,7,65.15,214.52,0,25,-8.18,-7.91
O=C([O-])c1sc2ccccc2c1CCCOc1cc(C)c(Cl)c(C)c1,60,373.88,4.55,0,4,6,49.36,224.74,0,25,-8.92,-9.43
O=C([O-])c1c(c2c(cccc2)[nH]1)CCCOc1cccc2c1CCCC2,45,348.42,3.42,1,3,6,65.15,209.74,0,26,-8.95,-8.49
O=C([O-])c1c(c2c(cccc2)[nH]1)CCCOc1cccc2c1cccc2,42,344.39,3.7,1,3,6,65.15,207.31,0,26,-8.9,-7.93
O=C([O-])c1c(c2c(cccc2)o1)CCCOc1cc(C)c(Cl)c(C)c1,67,357.81,4.08,0,4,6,62.5,215.11,0,25,-7.58,-9.54
O=C([O-])c1c(c2c(cccc2)[nH]1)CCCOc1ccc(cc1)C(F)(F)F,34,362.33,3.56,1,3,6,65.15,218.13,0,26,-6.87,-7.38
O=C([O-])c1c(c2c(cccc2)[nH]1)CCCOc1ccc2c(c1)cccc2,43,344.39,3.7,1,3,6,65.15,207.31,0,26,-7.03,-7.72
c1c(c(ccc1F)Oc1c(=O)n(c2c(c1)cnc(n2)NC1CCOCC1)CCCO)F,p38a_2n,432.43,2.84,2,8,7,98.5,260.34,0,31,-11.85,-11.0
O(c1cc2c(n(C)c1=O)nc(nc2)NC1CCOCC1)c1ccccc1,p38a_3flz,352.39,2.71,1,7,4,78.27,212.14,0,26,-9.49,-9.95
C1COCCC1Nc1ncc2cc(c(=O)n(c2n1)C)Sc1c(cccc1)F,p38a_2h,386.45,3.21,1,7,4,69.04,232.6,0,27,-9.48,-10.45
c1c(c(ccc1F)Oc1c(=O)n(c2c(c1)cnc(n2)NC1CCOCC1)C[C@H](O)CO)F,p38a_2s,448.43,1.81,3,9,7,118.73,269.97,0,32,-11.11,-10.35
c1c(c(ccc1F)Oc1c(=O)n(c2c(c1)cnc(n2)NCCS(=O)(=O)C)C)F,p38a_2bb,410.4,1.86,1,8,6,103.18,247.04,0,28,-9.06,-8.52
c1c(c(ccc1F)Oc1c(=O)n(c2c(c1)cnc(n2)NC1CCOCC1)C1CCS(=O)(=O)CC1)F,p38a_2q,506.53,3.2,1,9,5,112.41,304.91,1,35,-12.26,-12.62
c1c(c(ccc1F)Oc1c(=O)n(c2c(c1)cnc(n2)NC(C)(CO)C)C)F,p38a_2z,376.36,2.58,2,7,5,89.27,226.59,0,27,-10.36,-11.37
Fc1ccc(c(c1)F)Oc1c(=O)n(C)c2nc(ncc2c1)N[C@H](C)Cn1ncnn1,p38a_3fmh,414.38,1.89,1,10,6,112.64,249.48,0,30,-10.83,-11.31
C1COCCC1Nc1ncc2cc(c(=O)n(c2n1)C)Oc1cc(ccc1)F,p38a_2f,370.38,2.85,1,7,4,78.27,222.98,0,27,-8.48,-9.25
c1c(c(ccc1F)Oc1c(=O)n(c2c(c1)cnc(n2)NC)C)F,p38a_2v,318.28,2.44,1,6,3,69.04,191.62,0,23,-8.97,-8.52
C1COCCC1Nc1ncc2cc(c(=O)n(c2n1)C)Oc1c(cc(cc1)F)F,p38a_3fln,388.37,2.99,1,7,4,78.27,233.82,0,28,-10.88,-9.85
c1c(c(ccc1F)Oc1c(=O)n(c2c(c1)cnc(n2)NC1CCOCC1)CC#N)F,p38a_2t,413.38,2.98,1,8,5,102.06,248.87,0,30,-11.85,-10.34
c1c(c(ccc1F)Oc1c(=O)n(c2c(c1)cnc(n2)NC1CCOCC1)CC(O)(C)C)F,p38a_2r,446.45,3.22,2,8,6,98.5,268.78,0,32,-10.79,-12.09
c1nc(nc2c1cc(c(=O)n2C)Oc1ccc(cc1F)F)NC(C)C,p38a_3fly,346.34,3.22,1,6,4,69.04,208.51,0,25,-11.42,-10.58
c1c(c(ccc1F)Oc1c(=O)n(c2c(c1)cnc(n2)NC1CCOCC1)C1CCN(CC1)S(=O)(=O)C)F,p38a_2u,535.57,3.05,1,9,6,115.65,322.39,1,37,-12.26,-13.04
c1c(c(ccc1F)Oc1c(=O)n(c2c(c1)cnc(n2)NC1CCOCC1)CC)F,p38a_2l,402.4,3.47,1,7,5,78.27,242.26,0,29,-12.26,-11.87
c1c(c(ccc1F)Oc1c(=O)n(c2c(c1)cnc(n2)NC(CO)CO)C)F,p38a_2aa,378.34,1.16,3,8,6,109.5,227.78,0,27,-9.27,-10.29
c1c(c(ccc1F)Oc1c(=O)n(c2c(c1)cnc(n2)NC1CCS(=O)(=O)CC1)C)F,p38a_2gg,436.44,2.39,1,8,4,103.18,262.71,0,30,-10.66,-9.81
c1c(c(ccc1F)Oc1c(=O)[nH]c2c(c1)cnc(n2)NC1CCOCC1)F,p38a_2k,374.35,2.98,2,6,4,89.13,225.37,0,27,-10.55,-10.25
c1(ncc2cc(Oc3ccc(F)cc3F)c(=O)n(c2n1)C)N[C@@H](C)CS(=O)(=O)C,p38a_3flq,424.43,2.24,1,8,6,103.18,255.48,0,29,-9.93,-9.69
c1c(c(ccc1F)Oc1c(=O)n(c2c(c1)cnc(n2)NC1CCOCC1)CCCS(=O)(=O)C)F,p38a_2p,494.52,2.89,1,9,8,112.41,297.68,0,34,-11.2,-10.09
c1(cc(ccc1Oc1c(=O)n(C)c2c(cnc(N[C@H](Cn3ncnn3)C)n2)c1)F)F,p38a_3fmk,414.38,1.89,1,10,6,112.64,249.48,0,30,-11.83,-13.9
C1COCCC1Nc1ncc2cc(c(=O)n(c2n1)C)Cc1c(cc(cc1)F)F,p38a_2j,386.4,2.79,1,6,4,69.04,232.62,0,28,-10.08,-9.67
C1COCCC1Nc1ncc2cc(c(=O)n(c2n1)C)Oc1c(cccc1)F,p38a_2g,370.38,2.85,1,7,4,78.27,222.98,0,27,-10.66,-10.09
C1COCCC1Nc1ncc2cc(c(=O)n(c2n1)C)c1c(cccc1)Cl,p38a_2c,370.84,3.24,1,6,3,69.04,222.96,0,26,-10.46,-11.44
c1c(c(ccc1F)Oc1c(=O)n(c2c(c1)cnc(n2)N[C@H]1CCOC1)C)F,p38a_2x,374.35,2.6,1,7,4,78.27,225.37,0,27,-10.23,-9.06
c1c(F)ccc(c1F)Oc1cc2cnc(nc2n(C)c1=O)NC(CCO)CCO,p38a_3flw,406.39,1.94,3,8,8,109.5,244.67,0,29,-10.68,-12.1
C1COCCC1Nc1ncc2cc(c(=O)n(c2n1)C)Oc1ccc(cc1)F,p38a_2e,370.38,2.85,1,7,4,78.27,222.98,0,27,-10.7,-9.99
c1c(c(ccc1F)Oc1c(=O)n(c2c(c1)cnc(n2)NC1CCN(CC1)C(=O)C)C)F,p38a_2ee,429.43,2.82,1,7,4,89.35,258.53,0,31,-12.26,-11.08
c1c(c(ccc1F)Oc1c(=O)n(c2c(c1)cnc(n2)NCC(C)(O)C)C)F,p38a_2y,376.36,2.58,2,7,5,89.27,226.59,0,27,-9.78,-10.6
C1COCCC1Nc1ncc2cc(c(=O)n(c2n1)C)Cc1c(cccc1)F,p38a_2i,368.41,2.65,1,6,4,69.04,221.79,0,27,-10.05,-10.22
c1c(c(ccc1F)Oc1c(=O)n(c2c(c1)cnc(n2)NC1CCOCC1)CCS(=O)(=O)C)F,p38a_2o,480.49,2.5,1,9,7,112.41,289.23,0,33,-10.49,-9.46
c1c(c(ccc1F)Oc1c(=O)n(c2c(c1)cnc(n2)N[C@@H]1CC[C@H](CC1)O)C)F,p38a_2ff,402.4,3.11,2,7,4,89.27,242.26,0,29,-11.44,-10.79
c1c(c(ccc1F)Oc1c(=O)n(c2c(c1)cnc(n2)NC1CCOCC1)C1CC1)F,p38a_2m,414.41,3.79,1,7,5,78.27,249.49,0,30,-10.96,-12.96
